{"cameraMode":{"drawMode":0,"name":"Shaded","section":"Shading Mode"},"sceneLighting":false,"audioPlay":false,"sceneViewState":{"m_AlwaysRefresh":false,"showFog":true,"showSkybox":false,"showFlares":true,"showImageEffects":true,"showParticleSystems":true,"showVisualEffectGraphs":true,"m_FxEnabled":true},"in2DMode":false,"pivot":{"x":0.017347335815429689,"y":10.253433227539063,"z":-0.0091094970703125},"rotation":{"x":0.24521799385547639,"y":-0.022961288690567018,"z":0.00581339979544282,"w":0.9692003130912781},"size":34.03706359863281,"orthographic":false}