{"cameraMode":{"drawMode":0,"name":"Shaded","section":"Shading Mode"},"sceneLighting":false,"audioPlay":false,"sceneViewState":{"m_AlwaysRefresh":false,"showFog":true,"showSkybox":false,"showFlares":true,"showImageEffects":true,"showParticleSystems":true,"showVisualEffectGraphs":true,"m_FxEnabled":true},"in2DMode":false,"pivot":{"x":-207.91209411621095,"y":0.18430599570274354,"z":-272.51397705078127},"rotation":{"x":0.0034463710617274048,"y":0.9950342774391174,"z":-0.09161876142024994,"w":0.03936457633972168},"size":0.7096326351165772,"orthographic":false}