{"cameraMode":{"drawMode":0,"name":"Shaded","section":"Shading Mode"},"sceneLighting":false,"audioPlay":false,"sceneViewState":{"m_AlwaysRefresh":false,"showFog":true,"showSkybox":false,"showFlares":true,"showImageEffects":true,"showParticleSystems":true,"showVisualEffectGraphs":true,"m_FxEnabled":true},"in2DMode":false,"pivot":{"x":0.3940010070800781,"y":56.7523193359375,"z":-1.782257080078125},"rotation":{"x":-0.00002546559517213609,"y":1.000049352645874,"z":-0.004811061546206474,"w":0.0029753774870187046},"size":166.88705444335938,"orthographic":false}