{"cameraMode":{"drawMode":0,"name":"Shaded","section":"Shading Mode"},"sceneLighting":false,"audioPlay":false,"sceneViewState":{"m_AlwaysRefresh":false,"showFog":true,"showSkybox":false,"showFlares":true,"showImageEffects":true,"showParticleSystems":true,"showVisualEffectGraphs":true,"m_FxEnabled":true},"in2DMode":false,"pivot":{"x":0.28687477111816409,"y":54.7484245300293,"z":0.10019779205322266},"rotation":{"x":-0.15386633574962617,"y":0.06513679027557373,"z":-0.010104311630129815,"w":-0.9859267473220825},"size":17.90311622619629,"orthographic":false}