{"cameraMode":{"drawMode":0,"name":"Shaded","section":"Shading Mode"},"sceneLighting":false,"audioPlay":false,"sceneViewState":{"m_AlwaysRefresh":false,"showFog":true,"showSkybox":false,"showFlares":true,"showImageEffects":true,"showParticleSystems":true,"showVisualEffectGraphs":true,"m_FxEnabled":true},"in2DMode":false,"pivot":{"x":-6.556510925292969e-7,"y":0.16831663250923158,"z":2.9802322387695315e-8},"rotation":{"x":-0.12892106175422669,"y":-0.14997632801532746,"z":0.01987534947693348,"w":-0.980106770992279},"size":0.3592900335788727,"orthographic":false}